DATE,TIME,K_INDEX,TOTAL_TOTALS,LIFTED_INDEX,SHOWALTER_INDEX,SWEAT,MIXR_SB,MIXR_MU,MIXR_ML,CAPE_SB,CAPE_MU,CAPE_ML,CAPE03_SB,CAPE03_MU,CAPE03_ML,CAPEHGL_SB,CAPEHGL_MU,CAPEHGL_ML,CIN_SB,CIN_MU,CIN_ML,LI_SB,LI_MU,LI_ML,LCL_SB,LCL_MU,LCL_ML,LFC_SB,LFC_MU,LFC_ML,EL_SB,EL_MU,EL_ML,WMAXSHR_SB,WMAXSHR_MU,WMAXSHR_ML,EVENT_CLASS,THUNDERSTORM
1/4/2026,00Z,29.9,42.8,-0.8,3.2,118,15.3,15.3,15.3,562,2114,887,0,12,26,216,756,403,-268,-45,-124,-1,-4,-2,503,279,1266,2944,2044,2757,9256,12312,9447,114,220,143,0,0
1/4/2026,12Z,26.7,44.2,-6.9,2.3,119,18.1,18.1,18.1,3873,3873,3873,54,54,31,1205,1205,878,0,0,-56,-7,-7,-5,1162,1162,1452,1764,1764,2163,14371,14371,13075,1014,1014,830,0,0
2/4/2026,00Z,24.1,41.4,-4.5,4.2,100,18.6,18.6,18.6,2351,2800,758,11,16,49,862,943,306,-72,-43,-158,-5,-5,-1,261,180,1423,2108,1964,2955,13426,13819,9955,622,679,353,0,0
2/4/2026,12Z,15.9,42.2,-5.2,4.2,71,15.2,15.2,15.2,1960,1960,168,7,7,26,649,649,24,-23,-23,-161,-5,-5,-1,1668,1668,2455,2542,2542,4882,13459,13459,7585,673,673,197,0,0
3/4/2026,00Z,32.3,42.4,-4.8,3.3,118,19.4,19.4,19.4,2808,3342,50,29,39,59,889,984,0,-86,-48,-274,-5,-5,1,172,116,2048,2102,1984,4359,13893,14204,5241,501,546,67,0,0
3/4/2026,12Z,35.9,49.8,-6.3,-1.5,188,16.8,16.8,16.8,2976,3193,2495,6,4,22,981,1016,861,-94,-97,-82,-6,-7,-6,1429,1320,1731,2272,2214,2402,14288,14383,13909,1157,1198,1059,0,0
4/4/2026,00Z,36.5,47.8,-7.3,-0.3,162,20.4,20.4,20.4,3928,3928,352,59,59,53,1215,1215,145,-15,-15,-253,-7,-7,1,241,241,1712,1877,1877,8242,14896,14896,9864,515,515,154,1,1
4/4/2026,12Z,27.7,44.8,-6.8,1.7,166,18.9,18.9,18.9,4708,4708,3069,56,56,35,1202,1202,852,0,0,-63,-7,-7,-5,1293,1293,1625,1947,1947,2303,15649,15649,14785,1129,1129,912,1,1
5/4/2026,00Z,39.1,49.6,-6,-2.8,242,19.9,19.9,19.9,3518,3916,782,40,49,52,1140,1214,330,-65,-41,-228,-6,-6,-1,244,184,1592,1954,1850,2941,14469,14612,11503,1361,1436,642,1,1
5/4/2026,12Z,34.1,45.4,-2.9,1.1,187,16.6,16.6,16.6,589,2229,1343,2,8,59,413,475,682,-87,0,-22,-3,-3,-5,209,571,659,2108,1354,1671,8724,13996,12965,575,1119,869,1,1
6/4/2026,00Z,37.7,48.6,-1.8,-1,199,15.9,15.9,15.9,664,3339,1127,0,17,35,308,873,521,-285,0,-160,-2,-5,-3,377,360,1071,2929,1891,2684,9562,13934,11472,595,1334,775,2,1
6/4/2026,12Z,36.3,50,-8.5,-2.4,237,19,19,19,4096,4096,3194,116,116,74,1543,1543,1316,0,0,0,-9,-9,-7,904,904,1017,1334,1334,1751,13856,13856,13645,1470,1470,1298,2,1
7/4/2026,00Z,41,52.8,-5.8,-3,289,16.8,16.8,16.8,1443,2728,1874,0,0,19,975,694,1196,-146,-8,-82,-6,-4,-7,311,819,767,2356,1703,2081,9156,12527,9695,1131,1555,1288,2,1
7/4/2026,12Z,37.5,57.4,-12.6,-5.3,378,19.5,19.5,19.5,3361,4034,3188,3,7,4,1489,1557,1449,0,0,0,-13,-13,-12,644,585,720,1704,1607,1749,14978,15344,14839,2069,2266,2015,2,1
8/4/2026,00Z,nan,nan,nan,nan,nan,nan,nan,nan,nan,nan,nan,nan,nan,nan,nan,nan,nan,nan,nan,nan,nan,nan,nan,nan,nan,nan,nan,nan,nan,nan,nan,nan,nan,nan,nan,2,1
8/4/2026,12Z,39.6,54.2,-6.6,-2.8,279,16.2,16.2,16.2,464,621,340,9,20,29,334,437,251,-222,-176,-188,-7,-7,-6,256,162,1278,6397,2499,6699,7725,8018,7643,640,741,548,2,1
9/4/2026,00Z,34.9,42.2,-3.3,1.1,244,19.9,19.9,19.9,2785,4059,3097,85,163,113,796,1009,861,-14,0,0,-3,-5,-4,189,146,572,1564,1247,1469,14407,15203,14609,1816,2192,1915,2,1
9/4/2026,12Z,37,44.5,-0.2,-0.6,256,16.9,16.9,16.9,466,1004,338,3,0,36,112,0,84,-178,-2,-178,0,7,0,404,1849,1137,6646,2344,9108,10711,12621,9885,531,780,452,2,1
10/4/2026,00Z,27.9,38.4,-1.8,4.4,169,18.5,18.5,18.5,1637,2198,1993,83,79,114,277,253,361,-38,-12,-33,-2,-2,-2,306,310,639,1654,1490,1547,13250,14027,13787,711,824,785,2,1
10/4/2026,12Z,44.5,51.9,-9.5,-5.3,301,20.2,20.2,20.2,4740,4740,3684,184,184,136,1374,1374,1179,0,0,0,-10,-10,-8,903,903,1050,1362,1362,1478,15486,15486,14722,2029,2029,1789,2,1
11/4/2026,00Z,-17.5,35.8,-5.1,7,125,20.7,20.7,20.7,3562,4393,2190,127,148,109,827,939,532,-7,0,-13,-5,-6,-3,177,126,892,1127,932,1500,14847,15409,13682,1122,1246,880,0,0
11/4/2026,12Z,6.1,42.6,-6.1,1.3,206,20.2,20.2,20.2,4809,4937,4124,154,154,129,983,983,849,0,0,0,-6,-6,-5,1029,1056,1156,1488,1515,1591,15519,15585,15170,1157,1172,1071,0,0
12/4/2026,00Z,6.7,33.4,-5.1,8.8,71,20.1,20.1,20.1,3220,4258,891,6,20,41,716,894,157,0,0,-55,-5,-6,-2,272,117,1249,1465,1237,2895,14713,15215,11600,1316,1514,692,0,0
12/4/2026,12Z,15.1,39.8,-3,3.4,180,17.7,17.7,17.7,2856,3765,616,29,49,20,453,622,33,0,0,-57,-3,-4,1,1294,1174,1938,1895,1617,6112,14492,15249,11688,1342,1541,623,0,0
13/4/2026,00Z,20.7,36,-2.5,6.5,157,19.9,19.9,19.9,3075,3801,1702,4,12,39,633,747,324,-16,0,-82,-3,-3,-1,323,272,987,1983,1806,2387,14911,15199,12973,1555,1728,1157,0,0
13/4/2026,12Z,27.5,48.4,-7.2,-1.4,210,20.5,20.5,20.5,4777,4865,3244,12,12,40,1063,1063,763,-65,-58,-116,-7,-7,-5,780,797,1345,1997,1982,2370,15585,15631,14795,2322,2344,1913,0,0
14/4/2026,00Z,35.9,44.8,-5.3,0.6,187,20.6,20.6,20.6,4067,4213,2331,5,2,57,908,919,536,-84,-81,-141,-5,-5,-3,379,255,1358,1993,1957,2431,14987,15056,13436,1121,1141,848,0,0
14/4/2026,12Z,34.3,46.8,-6.8,-1,191,20.5,20.5,20.5,4917,5757,4808,10,0,30,1227,695,1204,-65,0,-91,-7,-4,-7,781,1174,989,2066,1879,2091,1501,1555,14952,1885,2040,1864,0,0
15/4/2026,00Z,37.7,48.4,-5.7,-2,230,20.4,20.4,20.4,3695,4371,2832,1,5,46,875,1002,684,-82,-36,-150,-6,-6,-4,326,348,1026,2111,1938,2376,14123,14994,13548,1213,1320,1062,0,0
15/4/2026,12Z,32.5,52,-8,-2.9,257,19.8,19.8,19.8,3650,4164,3363,4,7,29,1300,1444,1214,-108,-67,-168,-8,-9,-7,773,653,1070,2313,2158,2405,nan,nan,nan,1166,1245,1119,0,0
16/4/2026,00Z,34.5,48.8,-6.6,-1.1,194,20.7,20.7,20.7,4212,4904,3113,12,21,52,1060,1191,819,-103,-57,-213,-7,-7,-5,348,304,1061,2321,2173,2575,14782,15156,14202,1381,1490,1187,1,1
16/4/2026,12Z,24.1,44,-7,2.8,127,20.3,20.3,20.3,4821,4821,3210,10,10,35,1105,1105,780,-73,-73,-219,-7,-7,-5,778,778,1196,2412,2412,2785,15487,15487,14465,1557,1557,1270,1,1
17/4/2026,00Z,34.5,49.8,-6.8,-1.3,196,19.9,19.9,19.9,3555,4599,3609,0,0,33,895,358,907,-126,-21,-161,-7,-3,-7,398,1584,811,2468,2205,2452,14473,15122,14506,444,505,447,0,0
17/4/2026,12Z,26.3,44.2,-7.3,2.9,108,19.8,19.8,19.8,4332,5210,4915,1,0,9,1197,428,1318,-85,-9,-98,-7,-3,-8,776,1486,782,2607,2404,2475,14889,15288,15152,1769,1940,1884,0,0
18/4/2026,00Z,28.5,50.2,-7.1,-3.4,242,21.4,21.4,21.4,5288,5345,3841,52,41,44,1259,1252,954,-24,-25,-160,-7,-7,-5,403,292,847,2023,2012,2312,15349,15373,14688,1201,1207,1024,0,0
18/4/2026,12Z,21.9,42.4,-7.7,4.1,51,19.3,19.3,19.3,4180,5718,3264,22,7,51,1125,1421,915,-93,-29,-148,-8,-9,-6,904,598,1315,2447,2121,2679,14967,15782,14429,1144,1338,1011,0,0
19/4/2026,00Z,28.5,46.8,-6.1,0.8,136,20.1,20.1,20.1,3851,4706,2594,0,2,63,1067,1240,757,-146,-83,-227,-6,-7,-4,396,272,1301,2466,2251,2795,14314,14818,13811,1031,1140,846,0,0
19/4/2026,12Z,25.7,41.6,-8.8,4.5,83,21.3,21.3,21.3,5572,5572,2254,5,5,58,1309,1309,630,-55,-55,-221,-9,-9,-5,649,649,1786,2321,2321,3105,15613,15613,13613,1643,1643,1045,0,0
20/4/2026,00Z,19.3,40,-8,5.3,54,20.7,20.7,20.7,4144,4166,2005,8,5,53,1287,1283,727,-38,-40,-257,-8,8,-5,355,299,1198,2397,2391,3127,14536,14559,12886,542,543,377,2,1
20/4/2026,12Z,41.3,60,-11.4,-8.4,459,20.8,20.8,20.8,5077,5077,2350,2,2,50,1559,1559,894,-85,-85,-253,-11,-11,-7,779,779,1748,2420,2420,3274,14846,14846,12923,1066,1066,725,2,1
21/4/2026,00Z,40.1,53,-7.2,-4,310,19.9,19.9,19.9,3249,4313,2723,4,15,43,1149,1386,1012,-163,-80,-159,-7,-9,-6,299,229,1267,2405,2121,2567,14035,14738,13503,1327,1529,1215,0,0
21/4/2026,12Z,28.1,50,-11.4,0.1,118,20.3,20.3,20.3,5105,6164,4543,4,0,41,1529,1332,1422,-129,-5,-70,-11,-10,-11,905,1244,1525,2340,2091,2478,14262,15391,13988,948,1041,894,0,0
22/4/2026,00Z,34.1,54,-5.9,-2.4,236,15.8,15.8,15.8,911,2769,694,0,0,58,485,869,395,-532,-270,-298,-6,-8,-5,790,659,2286,3409,2730,3549,11500,13348,9990,440,766,384,0,0
22/4/2026,12Z,29.6,49.8,-8.6,-1.1,194,19.4,19.4,19.4,5120,5120,2808,12,12,31,1537,1537,992,-54,-54,-83,-9,-9,-6,1426,1426,2109,2213,2213,2770,15469,15469,13823,1798,1798,1331,0,0
23/4/2026,00Z,17.3,36.6,-5.3,-7,43,20.8,20.8,20.8,3930,4977,1058,0,2,75,1161,1384,363,-144,-74,-232,-5,-7,-1,151,160,1992,2372,2151,3105,14515,14819,11516,446,502,232,0,0
23/4/2026,12Z,28.5,46,-8.6,1.1,143,20.9,20.9,20.9,6352,6352,2804,0,0,36,1424,1424,704,0,0,-58,-9,-9,-4,1298,1298,2264,1999,1999,2764,15884,15884,14075,714,714,474,0,0
24/4/2026,00Z,19.5,38.8,-5.6,5.9,36,19.9,19.9,19.9,3498,4421,505,0,3,83,1030,1221,158,-164,-98,-288,-6,-7,0,300,218,2186,2434,2242,3383,14207,14670,9335,384,432,146,0,0
24/4/2026,12Z,20.7,40.4,-8.7,5.1,40,20.8,20.8,20.8,5614,6059,3739,14,0,45,1526,1033,1121,-68,-14,-107,-9,-6,-6,911,1255,1593,2185,2097,2589,15276,15468,14455,1363,1416,1113,0,0
25/4/2026,00Z,19.1,37.2,-5.5,6.7,20,19.6,19.6,19.6,3407,3910,885,2,3,72,1081,1171,358,-127,-89,-302,-5,-6,-1,477,413,1769,2507,2390,3288,14222,14458,11716,542,580,276,0,0
25/4/2026,12Z,25.5,46.6,-8.1,1.4,112,20.3,20.3,20.3,4382,4461,2196,2,2,44,1252,1252,702,-75,-67,-204,-8,-8,-5,774,792,1570,2379,2362,3005,14550,14598,13066,1516,1530,1073,0,0
26/4/2026,00Z,21.3,40,-3.9,5.2,56,18.5,18.5,18.5,2591,4377,2734,0,0,55,780,1194,817,-255,-94,-215,-4,-6,-4,579,363,1223,2871,2422,2832,13573,14481,13647,617,803,634,0,0
26/4/2026,12Z,28.7,48.8,-7.3,-0.5,182,20.3,20.3,20.3,4456,4456,2914,12,12,45,1205,1205,878,-114,-114,-267,-7,-7,-5,778,778,1304,2635,2635,3017,14671,14671,14213,1565,1565,1266,0,0
27/4/2026,00Z,33.7,50.6,-7.9,-1,195,20.2,20.2,20.2,3653,3653,2712,0,0,58,1003,1003,789,-161,-161,-251,-8,-8,-6,402,402,1202,2708,2708,2997,14011,14011,13480,1011,1011,871,0,0
27/4/2026,12Z,38.1,58,-10.3,-7.6,437,21.7,21.7,21.7,5417,5417,3655,5,5,38,1416,1416,1050,-75,-75,-260,-10,-10,-8,649,649,1193,2549,2549,2978,15417,15417,14031,1354,1354,1112,0,0
28/4/2026,00Z,34.7,51.2,-4.6,-2.3,250,17.5,17.5,17.5,2041,3928,2560,0,0,53,710,840,855,-368,-143,-251,-5,-5,-5,650,441,1302,3369,2670,3167,13205,13870,13432,463,643,519,0,0
28/4/2026,12Z,32.7,52.6,-10.1,-1.6,194,20,20,20,3845,3845,2228,0,0,55,1490,1490,1077,-160,-160,-278,-10,-10,-8,583,583,1517,2665,2665,3174,14146,14146,13489,1208,1208,919,0,0
29/4/2026,00Z,35.9,54.2,-2.5,-4,317,13.1,13.1,13.1,296,952,345,1,0,37,213,0,251,-714,-107,-396,-2,7,-3,1298,2823,2412,4517,3697,4381,7884,10519,8000,26,46,28,2,1
29/4/2026,12Z,33.3,57,-10.5,-7,399,20.9,20.9,20.9,5084,5084,4000,20,20,22,1588,1588,1349,-23,-23,-147,-10,-10,-9,770,770,946,2436,2436,2687,14850,14850,14071,1869,1869,1658,2,1
30/4/2026,00Z,31.7,48.2,-2,-1,365,14.1,14.1,14.1,413,1342,641,1,0,23,236,186,368,-427,-108,-292,-2,-2,-3,903,1037,1287,4045,3355,3836,8542,10396,9507,539,1026,709,1,1
30/4/2026,12Z,27.3,49.4,-8.4,-1.6,366,19.3,19.3,19.3,3597,3597,3032,18,18,6,1428,1428,1274,0,0,0,-8,-8,-8,902,902,924,2383,2383,2619,13545,13545,12988,1437,1437,1320,1,1
